{
  "knn_classifier": {
    "accuracy": 0.7755847953216374,
    "macro_f1": 0.4663316555763102,
    "classification_report": {
      "new_customer_onboarding": {
        "precision": 0.828125,
        "recall": 0.8207964601769911,
        "f1-score": 0.8244444444444444,
        "support": 452.0
      },
      "win_back_reminder": {
        "precision": 0.4357976653696498,
        "recall": 0.34890965732087226,
        "f1-score": 0.3875432525951557,
        "support": 321.0
      },
      "price_led_coupon": {
        "precision": 0.8259663399297207,
        "recall": 0.9725609756097561,
        "f1-score": 0.8932893289328933,
        "support": 4592.0
      },
      "cross_sell_bundle": {
        "precision": 0.47470817120622566,
        "recall": 0.30049261083743845,
        "f1-score": 0.3680241327300151,
        "support": 812.0
      },
      "loyalty_reward": {
        "precision": 0.6666666666666666,
        "recall": 0.016260162601626018,
        "f1-score": 0.031746031746031744,
        "support": 123.0
      },
      "seasonal_spotlight": {
        "precision": 0.5213270142180095,
        "recall": 0.2037037037037037,
        "f1-score": 0.2929427430093209,
        "support": 540.0
      },
      "accuracy": 0.7755847953216374,
      "macro avg": {
        "precision": 0.6254318095650454,
        "recall": 0.44378726170839794,
        "f1-score": 0.4663316555763102,
        "support": 6840.0
      },
      "weighted avg": {
        "precision": 0.7391842991576193,
        "recall": 0.7755847953216374,
        "f1-score": 0.7397608640845537,
        "support": 6840.0
      }
    },
    "confusion_matrix": [
      [
        371,
        5,
        38,
        26,
        0,
        12
      ],
      [
        11,
        112,
        109,
        76,
        0,
        13
      ],
      [
        10,
        41,
        4466,
        58,
        0,
        17
      ],
      [
        27,
        65,
        423,
        244,
        0,
        53
      ],
      [
        1,
        0,
        94,
        20,
        2,
        6
      ],
      [
        28,
        34,
        277,
        90,
        1,
        110
      ]
    ],
    "test_size": 6840,
    "train_size": 27360
  },
  "random_forest": {
    "accuracy": 0.7194444444444444,
    "macro_f1": 0.49834902967381095,
    "classification_report": {
      "new_customer_onboarding": {
        "precision": 0.7605633802816901,
        "recall": 0.8362831858407079,
        "f1-score": 0.7966280295047419,
        "support": 452.0
      },
      "win_back_reminder": {
        "precision": 0.3222811671087533,
        "recall": 0.7570093457943925,
        "f1-score": 0.45209302325581396,
        "support": 321.0
      },
      "price_led_coupon": {
        "precision": 0.9530703944083874,
        "recall": 0.8314459930313589,
        "f1-score": 0.888113514770877,
        "support": 4592.0
      },
      "cross_sell_bundle": {
        "precision": 0.35294117647058826,
        "recall": 0.3694581280788177,
        "f1-score": 0.36101083032490977,
        "support": 812.0
      },
      "loyalty_reward": {
        "precision": 0.12531969309462915,
        "recall": 0.3983739837398374,
        "f1-score": 0.19066147859922178,
        "support": 123.0
      },
      "seasonal_spotlight": {
        "precision": 0.3888888888888889,
        "recall": 0.2462962962962963,
        "f1-score": 0.30158730158730157,
        "support": 540.0
      },
      "accuracy": 0.7194444444444444,
      "macro avg": {
        "precision": 0.4838441167088228,
        "recall": 0.5731444887969018,
        "f1-score": 0.49834902967381095,
        "support": 6840.0
      },
      "weighted avg": {
        "precision": 0.7800772969586705,
        "recall": 0.7194444444444444,
        "f1-score": 0.7401848375113744,
        "support": 6840.0
      }
    },
    "confusion_matrix": [
      [
        378,
        29,
        13,
        12,
        5,
        15
      ],
      [
        2,
        243,
        27,
        40,
        3,
        6
      ],
      [
        22,
        185,
        3818,
        317,
        161,
        89
      ],
      [
        50,
        207,
        93,
        300,
        80,
        82
      ],
      [
        3,
        1,
        15,
        38,
        49,
        17
      ],
      [
        42,
        89,
        40,
        143,
        93,
        133
      ]
    ],
    "test_size": 6840,
    "train_size": 27360
  }
}