product_category,coupon_usage_rate
meat,0.21415954214654137
personal care,0.2133354833508022
bakery,0.20441767068273092
frozen,0.20397460667954734
produce,0.2008377112026125
household,0.20077928031171213
breakfast,0.19873447386922896
beverages,0.1971326164874552
dairy,0.19243235094595612
snacks,0.1908628671169462
