model,accuracy,macro_f1
LSTM (tuned),0.40746244015189037,0.458012363596199
random_forest,0.4254581475978207,0.44876650838320176
knn,0.3491827637444279,0.3622280141472283
