model,accuracy,macro_f1
LSTM (tuned),0.44144620811287477,0.5013681265551104
random_forest,0.40458553791887125,0.4369554082847584
knn,0.36701940035273367,0.39961599266308306
