hidden_size,learning_rate,num_layers,val_acc,val_f1,score,epochs
128,0.0008,2,0.44762107958182207,0.504134509093883,0.47587779433785254,16
96,0.0005,2,0.4420738212075955,0.49881327146093724,0.4704435463342663,25
96,0.001,2,0.44122039684232983,0.4971040718933331,0.46916223436783144,10
